model,k_type,alert_rate,mean_precision_at_k,mean_recall_at_k,avg_alerts_per_day,analyst_hours_per_day
Isolation Forest,rate_0.005,0.005,0.08042104647036094,0.011325986304083333,14.023809523809524,1.8698412698412699
Isolation Forest,rate_0.01,0.01,0.06601745338549167,0.018515091832647528,28.166666666666668,3.7555555555555555
Isolation Forest,rate_0.02,0.02,0.07201352386741158,0.040870305393287905,56.26190476190476,7.501587301587302
Autoencoder,rate_0.005,0.005,0.11249581939265708,0.016799009184894114,14.023809523809524,1.8698412698412699
Autoencoder,rate_0.01,0.01,0.10789852595545157,0.03235532918153487,28.166666666666668,3.7555555555555555
Autoencoder,rate_0.02,0.02,0.10256667075931634,0.05984417945286944,56.26190476190476,7.501587301587302
Calibrated LightGBM (supervised reference),rate_0.005,0.005,0.8771469393179918,0.13200499453439085,14.023809523809524,1.8698412698412699
Calibrated LightGBM (supervised reference),rate_0.01,0.01,0.8131942864264396,0.24420073365427108,28.166666666666668,3.7555555555555555
Calibrated LightGBM (supervised reference),rate_0.02,0.02,0.6429246401958617,0.3766816750428427,56.26190476190476,7.501587301587302
